house,weights
Ravenclaw,-2.199019;-5.023289;1.670962;0.729018;0.604606;3.872107;2.670090;-1.308446;-1.484859;-2.126267;-1.498578;4.224315;-2.151648
Slytherin,0.577513;-2.087640;-2.776135;3.163247;-4.190688;-1.381202;-1.924917;1.189593;1.509157;2.518886;0.388059;-2.167404;-1.376698
Gryffindor,-0.027803;1.373391;-2.404581;-1.056834;1.047660;-0.355889;2.518473;-2.801822;-3.091595;-0.893744;0.073212;-1.600593;3.151117
Hufflepuff,-0.540691;3.332401;3.989340;-5.078742;1.414746;-2.686969;-4.863672;1.914584;1.993851;-1.762214;-0.591563;-0.111142;-2.813169
